<?xml version="1.0" encoding="UTF-8"?>
<root>
  <item name="org.videolan.libvlc.IVLCVout boolean areViewsAttached()">
    <annotation name="android.support.annotation.MainThread" />
  </item>
  <item name="org.videolan.libvlc.IVLCVout void addCallback(org.videolan.libvlc.IVLCVout.Callback)">
    <annotation name="android.support.annotation.MainThread" />
  </item>
  <item name="org.videolan.libvlc.IVLCVout void attachViews()">
    <annotation name="android.support.annotation.MainThread" />
  </item>
  <item name="org.videolan.libvlc.IVLCVout void detachViews()">
    <annotation name="android.support.annotation.MainThread" />
  </item>
  <item name="org.videolan.libvlc.IVLCVout void removeCallback(org.videolan.libvlc.IVLCVout.Callback)">
    <annotation name="android.support.annotation.MainThread" />
  </item>
  <item name="org.videolan.libvlc.IVLCVout void sendMouseEvent(int, int, int, int)">
    <annotation name="android.support.annotation.MainThread" />
  </item>
  <item name="org.videolan.libvlc.IVLCVout void setSubtitlesSurface(android.graphics.SurfaceTexture)">
    <annotation name="android.support.annotation.MainThread" />
  </item>
  <item name="org.videolan.libvlc.IVLCVout void setSubtitlesSurface(android.view.Surface, android.view.SurfaceHolder)">
    <annotation name="android.support.annotation.MainThread" />
  </item>
  <item name="org.videolan.libvlc.IVLCVout void setSubtitlesView(android.view.SurfaceView)">
    <annotation name="android.support.annotation.MainThread" />
  </item>
  <item name="org.videolan.libvlc.IVLCVout void setSubtitlesView(android.view.TextureView)">
    <annotation name="android.support.annotation.MainThread" />
  </item>
  <item name="org.videolan.libvlc.IVLCVout void setVideoSurface(android.graphics.SurfaceTexture)">
    <annotation name="android.support.annotation.MainThread" />
  </item>
  <item name="org.videolan.libvlc.IVLCVout void setVideoSurface(android.view.Surface, android.view.SurfaceHolder)">
    <annotation name="android.support.annotation.MainThread" />
  </item>
  <item name="org.videolan.libvlc.IVLCVout void setVideoView(android.view.SurfaceView)">
    <annotation name="android.support.annotation.MainThread" />
  </item>
  <item name="org.videolan.libvlc.IVLCVout void setVideoView(android.view.TextureView)">
    <annotation name="android.support.annotation.MainThread" />
  </item>
  <item name="org.videolan.libvlc.IVLCVout void setWindowSize(int, int)">
    <annotation name="android.support.annotation.MainThread" />
  </item>
  <item name="org.videolan.libvlc.IVLCVout.Callback void onNewLayout(org.videolan.libvlc.IVLCVout, int, int, int, int, int, int)">
    <annotation name="android.support.annotation.MainThread" />
  </item>
  <item name="org.videolan.libvlc.IVLCVout.Callback void onSurfacesCreated(org.videolan.libvlc.IVLCVout)">
    <annotation name="android.support.annotation.MainThread" />
  </item>
  <item name="org.videolan.libvlc.IVLCVout.Callback void onSurfacesDestroyed(org.videolan.libvlc.IVLCVout)">
    <annotation name="android.support.annotation.MainThread" />
  </item>
</root>

